DATE	u3rate	January	February	March	April	May	June	July	August	September	October	November	December
1/1/1948	4	1	0	0	0	0	0	0	0	0	0	0	0
2/1/1948	4.7	0	1	0	0	0	0	0	0	0	0	0	0
3/1/1948	4.5	0	0	1	0	0	0	0	0	0	0	0	0
4/1/1948	4	0	0	0	1	0	0	0	0	0	0	0	0
5/1/1948	3.4	0	0	0	0	1	0	0	0	0	0	0	0
6/1/1948	3.9	0	0	0	0	0	1	0	0	0	0	0	0
7/1/1948	3.9	0	0	0	0	0	0	1	0	0	0	0	0
8/1/1948	3.6	0	0	0	0	0	0	0	1	0	0	0	0
9/1/1948	3.4	0	0	0	0	0	0	0	0	1	0	0	0
10/1/1948	2.9	0	0	0	0	0	0	0	0	0	1	0	0
11/1/1948	3.3	0	0	0	0	0	0	0	0	0	0	1	0
12/1/1948	3.6	0	0	0	0	0	0	0	0	0	0	0	1
1/1/1949	5	1	0	0	0	0	0	0	0	0	0	0	0
2/1/1949	5.8	0	1	0	0	0	0	0	0	0	0	0	0
3/1/1949	5.6	0	0	1	0	0	0	0	0	0	0	0	0
4/1/1949	5.4	0	0	0	1	0	0	0	0	0	0	0	0
5/1/1949	5.7	0	0	0	0	1	0	0	0	0	0	0	0
6/1/1949	6.4	0	0	0	0	0	1	0	0	0	0	0	0
7/1/1949	7	0	0	0	0	0	0	1	0	0	0	0	0
8/1/1949	6.3	0	0	0	0	0	0	0	1	0	0	0	0
9/1/1949	5.9	0	0	0	0	0	0	0	0	1	0	0	0
10/1/1949	6.1	0	0	0	0	0	0	0	0	0	1	0	0
11/1/1949	5.7	0	0	0	0	0	0	0	0	0	0	1	0
12/1/1949	6	0	0	0	0	0	0	0	0	0	0	0	1
1/1/1950	7.6	1	0	0	0	0	0	0	0	0	0	0	0
2/1/1950	7.9	0	1	0	0	0	0	0	0	0	0	0	0
3/1/1950	7.1	0	0	1	0	0	0	0	0	0	0	0	0
4/1/1950	6	0	0	0	1	0	0	0	0	0	0	0	0
5/1/1950	5.3	0	0	0	0	1	0	0	0	0	0	0	0
6/1/1950	5.6	0	0	0	0	0	1	0	0	0	0	0	0
7/1/1950	5.3	0	0	0	0	0	0	1	0	0	0	0	0
8/1/1950	4.1	0	0	0	0	0	0	0	1	0	0	0	0
9/1/1950	4	0	0	0	0	0	0	0	0	1	0	0	0
10/1/1950	3.3	0	0	0	0	0	0	0	0	0	1	0	0
11/1/1950	3.8	0	0	0	0	0	0	0	0	0	0	1	0
12/1/1950	3.9	0	0	0	0	0	0	0	0	0	0	0	1
1/1/1951	4.4	1	0	0	0	0	0	0	0	0	0	0	0
2/1/1951	4.2	0	1	0	0	0	0	0	0	0	0	0	0
3/1/1951	3.8	0	0	1	0	0	0	0	0	0	0	0	0
4/1/1951	3.2	0	0	0	1	0	0	0	0	0	0	0	0
5/1/1951	2.9	0	0	0	0	1	0	0	0	0	0	0	0
6/1/1951	3.4	0	0	0	0	0	1	0	0	0	0	0	0
7/1/1951	3.3	0	0	0	0	0	0	1	0	0	0	0	0
8/1/1951	2.9	0	0	0	0	0	0	0	1	0	0	0	0
9/1/1951	3	0	0	0	0	0	0	0	0	1	0	0	0
10/1/1951	2.8	0	0	0	0	0	0	0	0	0	1	0	0
11/1/1951	3.2	0	0	0	0	0	0	0	0	0	0	1	0
12/1/1951	2.9	0	0	0	0	0	0	0	0	0	0	0	1
1/1/1952	3.7	1	0	0	0	0	0	0	0	0	0	0	0
2/1/1952	3.8	0	1	0	0	0	0	0	0	0	0	0	0
3/1/1952	3.3	0	0	1	0	0	0	0	0	0	0	0	0
4/1/1952	3	0	0	0	1	0	0	0	0	0	0	0	0
5/1/1952	2.9	0	0	0	0	1	0	0	0	0	0	0	0
6/1/1952	3.2	0	0	0	0	0	1	0	0	0	0	0	0
7/1/1952	3.3	0	0	0	0	0	0	1	0	0	0	0	0
8/1/1952	3.1	0	0	0	0	0	0	0	1	0	0	0	0
9/1/1952	2.7	0	0	0	0	0	0	0	0	1	0	0	0
10/1/1952	2.4	0	0	0	0	0	0	0	0	0	1	0	0
11/1/1952	2.5	0	0	0	0	0	0	0	0	0	0	1	0
12/1/1952	2.5	0	0	0	0	0	0	0	0	0	0	0	1
1/1/1953	3.4	1	0	0	0	0	0	0	0	0	0	0	0
2/1/1953	3.2	0	1	0	0	0	0	0	0	0	0	0	0
3/1/1953	2.9	0	0	1	0	0	0	0	0	0	0	0	0
4/1/1953	2.8	0	0	0	1	0	0	0	0	0	0	0	0
5/1/1953	2.5	0	0	0	0	1	0	0	0	0	0	0	0
6/1/1953	2.7	0	0	0	0	0	1	0	0	0	0	0	0
7/1/1953	2.7	0	0	0	0	0	0	1	0	0	0	0	0
8/1/1953	2.4	0	0	0	0	0	0	0	1	0	0	0	0
9/1/1953	2.6	0	0	0	0	0	0	0	0	1	0	0	0
10/1/1953	2.5	0	0	0	0	0	0	0	0	0	1	0	0
11/1/1953	3.2	0	0	0	0	0	0	0	0	0	0	1	0
12/1/1953	4.2	0	0	0	0	0	0	0	0	0	0	0	1
1/1/1954	5.7	1	0	0	0	0	0	0	0	0	0	0	0
2/1/1954	6.3	0	1	0	0	0	0	0	0	0	0	0	0
3/1/1954	6.4	0	0	1	0	0	0	0	0	0	0	0	0
4/1/1954	6.1	0	0	0	1	0	0	0	0	0	0	0	0
5/1/1954	5.7	0	0	0	0	1	0	0	0	0	0	0	0
6/1/1954	5.7	0	0	0	0	0	1	0	0	0	0	0	0
7/1/1954	5.7	0	0	0	0	0	0	1	0	0	0	0	0
8/1/1954	5.4	0	0	0	0	0	0	0	1	0	0	0	0
9/1/1954	5.3	0	0	0	0	0	0	0	0	1	0	0	0
10/1/1954	4.6	0	0	0	0	0	0	0	0	0	1	0	0
11/1/1954	4.9	0	0	0	0	0	0	0	0	0	0	1	0
12/1/1954	4.8	0	0	0	0	0	0	0	0	0	0	0	1
1/1/1955	5.8	1	0	0	0	0	0	0	0	0	0	0	0
2/1/1955	5.7	0	1	0	0	0	0	0	0	0	0	0	0
3/1/1955	5.2	0	0	1	0	0	0	0	0	0	0	0	0
4/1/1955	4.9	0	0	0	1	0	0	0	0	0	0	0	0
5/1/1955	4.2	0	0	0	0	1	0	0	0	0	0	0	0
6/1/1955	4.4	0	0	0	0	0	1	0	0	0	0	0	0
7/1/1955	4	0	0	0	0	0	0	1	0	0	0	0	0
8/1/1955	3.8	0	0	0	0	0	0	0	1	0	0	0	0
9/1/1955	3.5	0	0	0	0	0	0	0	0	1	0	0	0
10/1/1955	3.4	0	0	0	0	0	0	0	0	0	1	0	0
11/1/1955	3.8	0	0	0	0	0	0	0	0	0	0	1	0
12/1/1955	3.9	0	0	0	0	0	0	0	0	0	0	0	1
1/1/1956	4.7	1	0	0	0	0	0	0	0	0	0	0	0
2/1/1956	4.8	0	1	0	0	0	0	0	0	0	0	0	0
3/1/1956	4.7	0	0	1	0	0	0	0	0	0	0	0	0
4/1/1956	4.1	0	0	0	1	0	0	0	0	0	0	0	0
5/1/1956	4.2	0	0	0	0	1	0	0	0	0	0	0	0
6/1/1956	4.7	0	0	0	0	0	1	0	0	0	0	0	0
7/1/1956	4.4	0	0	0	0	0	0	1	0	0	0	0	0
8/1/1956	3.7	0	0	0	0	0	0	0	1	0	0	0	0
9/1/1956	3.4	0	0	0	0	0	0	0	0	1	0	0	0
10/1/1956	3.1	0	0	0	0	0	0	0	0	0	1	0	0
11/1/1956	3.9	0	0	0	0	0	0	0	0	0	0	1	0
12/1/1956	4	0	0	0	0	0	0	0	0	0	0	0	1
1/1/1957	4.9	1	0	0	0	0	0	0	0	0	0	0	0
2/1/1957	4.7	0	1	0	0	0	0	0	0	0	0	0	0
3/1/1957	4.3	0	0	1	0	0	0	0	0	0	0	0	0
4/1/1957	4	0	0	0	1	0	0	0	0	0	0	0	0
5/1/1957	3.9	0	0	0	0	1	0	0	0	0	0	0	0
6/1/1957	4.6	0	0	0	0	0	1	0	0	0	0	0	0
7/1/1957	4.1	0	0	0	0	0	0	1	0	0	0	0	0
8/1/1957	3.7	0	0	0	0	0	0	0	1	0	0	0	0
9/1/1957	3.7	0	0	0	0	0	0	0	0	1	0	0	0
10/1/1957	3.6	0	0	0	0	0	0	0	0	0	1	0	0
11/1/1957	4.6	0	0	0	0	0	0	0	0	0	0	1	0
12/1/1957	5	0	0	0	0	0	0	0	0	0	0	0	1
1/1/1958	6.8	1	0	0	0	0	0	0	0	0	0	0	0
2/1/1958	7.7	0	1	0	0	0	0	0	0	0	0	0	0
3/1/1958	7.7	0	0	1	0	0	0	0	0	0	0	0	0
4/1/1958	7.5	0	0	0	1	0	0	0	0	0	0	0	0
5/1/1958	7.1	0	0	0	0	1	0	0	0	0	0	0	0
6/1/1958	7.6	0	0	0	0	0	1	0	0	0	0	0	0
7/1/1958	7.4	0	0	0	0	0	0	1	0	0	0	0	0
8/1/1958	6.7	0	0	0	0	0	0	0	1	0	0	0	0
9/1/1958	6	0	0	0	0	0	0	0	0	1	0	0	0
10/1/1958	5.5	0	0	0	0	0	0	0	0	0	1	0	0
11/1/1958	5.6	0	0	0	0	0	0	0	0	0	0	1	0
12/1/1958	6	0	0	0	0	0	0	0	0	0	0	0	1
1/1/1959	7	1	0	0	0	0	0	0	0	0	0	0	0
2/1/1959	7	0	1	0	0	0	0	0	0	0	0	0	0
3/1/1959	6.4	0	0	1	0	0	0	0	0	0	0	0	0
4/1/1959	5.2	0	0	0	1	0	0	0	0	0	0	0	0
5/1/1959	4.9	0	0	0	0	1	0	0	0	0	0	0	0
6/1/1959	5.4	0	0	0	0	0	1	0	0	0	0	0	0
7/1/1959	5.2	0	0	0	0	0	0	1	0	0	0	0	0
8/1/1959	4.8	0	0	0	0	0	0	0	1	0	0	0	0
9/1/1959	4.7	0	0	0	0	0	0	0	0	1	0	0	0
10/1/1959	4.7	0	0	0	0	0	0	0	0	0	1	0	0
11/1/1959	5.3	0	0	0	0	0	0	0	0	0	0	1	0
12/1/1959	5.1	0	0	0	0	0	0	0	0	0	0	0	1
1/1/1960	6.1	1	0	0	0	0	0	0	0	0	0	0	0
2/1/1960	5.7	0	1	0	0	0	0	0	0	0	0	0	0
3/1/1960	6.1	0	0	1	0	0	0	0	0	0	0	0	0
4/1/1960	5.2	0	0	0	1	0	0	0	0	0	0	0	0
5/1/1960	4.8	0	0	0	0	1	0	0	0	0	0	0	0
6/1/1960	5.8	0	0	0	0	0	1	0	0	0	0	0	0
7/1/1960	5.5	0	0	0	0	0	0	1	0	0	0	0	0
8/1/1960	5.2	0	0	0	0	0	0	0	1	0	0	0	0
9/1/1960	4.7	0	0	0	0	0	0	0	0	1	0	0	0
10/1/1960	5	0	0	0	0	0	0	0	0	0	1	0	0
11/1/1960	5.6	0	0	0	0	0	0	0	0	0	0	1	0
12/1/1960	6.4	0	0	0	0	0	0	0	0	0	0	0	1
1/1/1961	7.7	1	0	0	0	0	0	0	0	0	0	0	0
2/1/1961	8.1	0	1	0	0	0	0	0	0	0	0	0	0
3/1/1961	7.7	0	0	1	0	0	0	0	0	0	0	0	0
4/1/1961	7	0	0	0	1	0	0	0	0	0	0	0	0
5/1/1961	6.6	0	0	0	0	1	0	0	0	0	0	0	0
6/1/1961	7.3	0	0	0	0	0	1	0	0	0	0	0	0
7/1/1961	6.9	0	0	0	0	0	0	1	0	0	0	0	0
8/1/1961	6.2	0	0	0	0	0	0	0	1	0	0	0	0
9/1/1961	5.8	0	0	0	0	0	0	0	0	1	0	0	0
10/1/1961	5.5	0	0	0	0	0	0	0	0	0	1	0	0
11/1/1961	5.6	0	0	0	0	0	0	0	0	0	0	1	0
12/1/1961	5.8	0	0	0	0	0	0	0	0	0	0	0	1
1/1/1962	6.7	1	0	0	0	0	0	0	0	0	0	0	0
2/1/1962	6.5	0	1	0	0	0	0	0	0	0	0	0	0
3/1/1962	6.2	0	0	1	0	0	0	0	0	0	0	0	0
4/1/1962	5.5	0	0	0	1	0	0	0	0	0	0	0	0
5/1/1962	5.1	0	0	0	0	1	0	0	0	0	0	0	0
6/1/1962	5.9	0	0	0	0	0	1	0	0	0	0	0	0
7/1/1962	5.3	0	0	0	0	0	0	1	0	0	0	0	0
8/1/1962	5.3	0	0	0	0	0	0	0	1	0	0	0	0
9/1/1962	4.9	0	0	0	0	0	0	0	0	1	0	0	0
10/1/1962	4.5	0	0	0	0	0	0	0	0	0	1	0	0
11/1/1962	5.3	0	0	0	0	0	0	0	0	0	0	1	0
12/1/1962	5.3	0	0	0	0	0	0	0	0	0	0	0	1
1/1/1963	6.6	1	0	0	0	0	0	0	0	0	0	0	0
2/1/1963	6.9	0	1	0	0	0	0	0	0	0	0	0	0
3/1/1963	6.3	0	0	1	0	0	0	0	0	0	0	0	0
4/1/1963	5.6	0	0	0	1	0	0	0	0	0	0	0	0
5/1/1963	5.5	0	0	0	0	1	0	0	0	0	0	0	0
6/1/1963	6.2	0	0	0	0	0	1	0	0	0	0	0	0
7/1/1963	5.6	0	0	0	0	0	0	1	0	0	0	0	0
8/1/1963	5.2	0	0	0	0	0	0	0	1	0	0	0	0
9/1/1963	4.8	0	0	0	0	0	0	0	0	1	0	0	0
10/1/1963	4.7	0	0	0	0	0	0	0	0	0	1	0	0
11/1/1963	5.3	0	0	0	0	0	0	0	0	0	0	1	0
12/1/1963	5.3	0	0	0	0	0	0	0	0	0	0	0	1
1/1/1964	6.4	1	0	0	0	0	0	0	0	0	0	0	0
2/1/1964	6.2	0	1	0	0	0	0	0	0	0	0	0	0
3/1/1964	5.9	0	0	1	0	0	0	0	0	0	0	0	0
4/1/1964	5.3	0	0	0	1	0	0	0	0	0	0	0	0
5/1/1964	4.8	0	0	0	0	1	0	0	0	0	0	0	0
6/1/1964	5.9	0	0	0	0	0	1	0	0	0	0	0	0
7/1/1964	4.9	0	0	0	0	0	0	1	0	0	0	0	0
8/1/1964	4.8	0	0	0	0	0	0	0	1	0	0	0	0
9/1/1964	4.5	0	0	0	0	0	0	0	0	1	0	0	0
10/1/1964	4.4	0	0	0	0	0	0	0	0	0	1	0	0
11/1/1964	4.5	0	0	0	0	0	0	0	0	0	0	1	0
12/1/1964	4.7	0	0	0	0	0	0	0	0	0	0	0	1
1/1/1965	5.5	1	0	0	0	0	0	0	0	0	0	0	0
2/1/1965	5.7	0	1	0	0	0	0	0	0	0	0	0	0
3/1/1965	5.1	0	0	1	0	0	0	0	0	0	0	0	0
4/1/1965	4.7	0	0	0	1	0	0	0	0	0	0	0	0
5/1/1965	4.3	0	0	0	0	1	0	0	0	0	0	0	0
6/1/1965	5.3	0	0	0	0	0	1	0	0	0	0	0	0
7/1/1965	4.5	0	0	0	0	0	0	1	0	0	0	0	0
8/1/1965	4.2	0	0	0	0	0	0	0	1	0	0	0	0
9/1/1965	3.8	0	0	0	0	0	0	0	0	1	0	0	0
10/1/1965	3.6	0	0	0	0	0	0	0	0	0	1	0	0
11/1/1965	3.9	0	0	0	0	0	0	0	0	0	0	1	0
12/1/1965	3.7	0	0	0	0	0	0	0	0	0	0	0	1
1/1/1966	4.4	1	0	0	0	0	0	0	0	0	0	0	0
2/1/1966	4.2	0	1	0	0	0	0	0	0	0	0	0	0
3/1/1966	4	0	0	1	0	0	0	0	0	0	0	0	0
4/1/1966	3.6	0	0	0	1	0	0	0	0	0	0	0	0
5/1/1966	3.7	0	0	0	0	1	0	0	0	0	0	0	0
6/1/1966	4.6	0	0	0	0	0	1	0	0	0	0	0	0
7/1/1966	3.9	0	0	0	0	0	0	1	0	0	0	0	0
8/1/1966	3.6	0	0	0	0	0	0	0	1	0	0	0	0
9/1/1966	3.3	0	0	0	0	0	0	0	0	1	0	0	0
10/1/1966	3.2	0	0	0	0	0	0	0	0	0	1	0	0
11/1/1966	3.4	0	0	0	0	0	0	0	0	0	0	1	0
12/1/1966	3.5	0	0	0	0	0	0	0	0	0	0	0	1
1/1/1967	4.2	1	0	0	0	0	0	0	0	0	0	0	0
2/1/1967	4.2	0	1	0	0	0	0	0	0	0	0	0	0
3/1/1967	3.9	0	0	1	0	0	0	0	0	0	0	0	0
4/1/1967	3.5	0	0	0	1	0	0	0	0	0	0	0	0
5/1/1967	3.2	0	0	0	0	1	0	0	0	0	0	0	0
6/1/1967	4.6	0	0	0	0	0	1	0	0	0	0	0	0
7/1/1967	4.1	0	0	0	0	0	0	1	0	0	0	0	0
8/1/1967	3.7	0	0	0	0	0	0	0	1	0	0	0	0
9/1/1967	3.7	0	0	0	0	0	0	0	0	1	0	0	0
10/1/1967	3.8	0	0	0	0	0	0	0	0	0	1	0	0
11/1/1967	3.7	0	0	0	0	0	0	0	0	0	0	1	0
12/1/1967	3.5	0	0	0	0	0	0	0	0	0	0	0	1
1/1/1968	4	1	0	0	0	0	0	0	0	0	0	0	0
2/1/1968	4.2	0	1	0	0	0	0	0	0	0	0	0	0
3/1/1968	3.8	0	0	1	0	0	0	0	0	0	0	0	0
4/1/1968	3.2	0	0	0	1	0	0	0	0	0	0	0	0
5/1/1968	2.9	0	0	0	0	1	0	0	0	0	0	0	0
6/1/1968	4.5	0	0	0	0	0	1	0	0	0	0	0	0
7/1/1968	4	0	0	0	0	0	0	1	0	0	0	0	0
8/1/1968	3.5	0	0	0	0	0	0	0	1	0	0	0	0
9/1/1968	3.3	0	0	0	0	0	0	0	0	1	0	0	0
10/1/1968	3.2	0	0	0	0	0	0	0	0	0	1	0	0
11/1/1968	3.3	0	0	0	0	0	0	0	0	0	0	1	0
12/1/1968	3.1	0	0	0	0	0	0	0	0	0	0	0	1
1/1/1969	3.7	1	0	0	0	0	0	0	0	0	0	0	0
2/1/1969	3.7	0	1	0	0	0	0	0	0	0	0	0	0
3/1/1969	3.5	0	0	1	0	0	0	0	0	0	0	0	0
4/1/1969	3.2	0	0	0	1	0	0	0	0	0	0	0	0
5/1/1969	2.9	0	0	0	0	1	0	0	0	0	0	0	0
6/1/1969	4.1	0	0	0	0	0	1	0	0	0	0	0	0
7/1/1969	3.8	0	0	0	0	0	0	1	0	0	0	0	0
8/1/1969	3.5	0	0	0	0	0	0	0	1	0	0	0	0
9/1/1969	3.7	0	0	0	0	0	0	0	0	1	0	0	0
10/1/1969	3.5	0	0	0	0	0	0	0	0	0	1	0	0
11/1/1969	3.3	0	0	0	0	0	0	0	0	0	0	1	0
12/1/1969	3.2	0	0	0	0	0	0	0	0	0	0	0	1
1/1/1970	4.2	1	0	0	0	0	0	0	0	0	0	0	0
2/1/1970	4.7	0	1	0	0	0	0	0	0	0	0	0	0
3/1/1970	4.6	0	0	1	0	0	0	0	0	0	0	0	0
4/1/1970	4.3	0	0	0	1	0	0	0	0	0	0	0	0
5/1/1970	4.1	0	0	0	0	1	0	0	0	0	0	0	0
6/1/1970	5.6	0	0	0	0	0	1	0	0	0	0	0	0
7/1/1970	5.3	0	0	0	0	0	0	1	0	0	0	0	0
8/1/1970	5	0	0	0	0	0	0	0	1	0	0	0	0
9/1/1970	5.2	0	0	0	0	0	0	0	0	1	0	0	0
10/1/1970	5.1	0	0	0	0	0	0	0	0	0	1	0	0
11/1/1970	5.5	0	0	0	0	0	0	0	0	0	0	1	0
12/1/1970	5.6	0	0	0	0	0	0	0	0	0	0	0	1
1/1/1971	6.6	1	0	0	0	0	0	0	0	0	0	0	0
2/1/1971	6.6	0	1	0	0	0	0	0	0	0	0	0	0
3/1/1971	6.3	0	0	1	0	0	0	0	0	0	0	0	0
4/1/1971	5.7	0	0	0	1	0	0	0	0	0	0	0	0
5/1/1971	5.3	0	0	0	0	1	0	0	0	0	0	0	0
6/1/1971	6.5	0	0	0	0	0	1	0	0	0	0	0	0
7/1/1971	6.2	0	0	0	0	0	0	1	0	0	0	0	0
8/1/1971	5.9	0	0	0	0	0	0	0	1	0	0	0	0
9/1/1971	5.8	0	0	0	0	0	0	0	0	1	0	0	0
10/1/1971	5.4	0	0	0	0	0	0	0	0	0	1	0	0
11/1/1971	5.7	0	0	0	0	0	0	0	0	0	0	1	0
12/1/1971	5.5	0	0	0	0	0	0	0	0	0	0	0	1
1/1/1972	6.5	1	0	0	0	0	0	0	0	0	0	0	0
2/1/1972	6.4	0	1	0	0	0	0	0	0	0	0	0	0
3/1/1972	6.1	0	0	1	0	0	0	0	0	0	0	0	0
4/1/1972	5.5	0	0	0	1	0	0	0	0	0	0	0	0
5/1/1972	5.1	0	0	0	0	1	0	0	0	0	0	0	0
6/1/1972	6.2	0	0	0	0	0	1	0	0	0	0	0	0
7/1/1972	5.9	0	0	0	0	0	0	1	0	0	0	0	0
8/1/1972	5.5	0	0	0	0	0	0	0	1	0	0	0	0
9/1/1972	5.4	0	0	0	0	0	0	0	0	1	0	0	0
10/1/1972	5.1	0	0	0	0	0	0	0	0	0	1	0	0
11/1/1972	4.9	0	0	0	0	0	0	0	0	0	0	1	0
12/1/1972	4.8	0	0	0	0	0	0	0	0	0	0	0	1
1/1/1973	5.5	1	0	0	0	0	0	0	0	0	0	0	0
2/1/1973	5.6	0	1	0	0	0	0	0	0	0	0	0	0
3/1/1973	5.2	0	0	1	0	0	0	0	0	0	0	0	0
4/1/1973	4.8	0	0	0	1	0	0	0	0	0	0	0	0
5/1/1973	4.4	0	0	0	0	1	0	0	0	0	0	0	0
6/1/1973	5.4	0	0	0	0	0	1	0	0	0	0	0	0
7/1/1973	5	0	0	0	0	0	0	1	0	0	0	0	0
8/1/1973	4.7	0	0	0	0	0	0	0	1	0	0	0	0
9/1/1973	4.7	0	0	0	0	0	0	0	0	1	0	0	0
10/1/1973	4.2	0	0	0	0	0	0	0	0	0	1	0	0
11/1/1973	4.6	0	0	0	0	0	0	0	0	0	0	1	0
12/1/1973	4.6	0	0	0	0	0	0	0	0	0	0	0	1
1/1/1974	5.7	1	0	0	0	0	0	0	0	0	0	0	0
2/1/1974	5.8	0	1	0	0	0	0	0	0	0	0	0	0
3/1/1974	5.3	0	0	1	0	0	0	0	0	0	0	0	0
4/1/1974	4.8	0	0	0	1	0	0	0	0	0	0	0	0
5/1/1974	4.6	0	0	0	0	1	0	0	0	0	0	0	0
6/1/1974	5.8	0	0	0	0	0	1	0	0	0	0	0	0
7/1/1974	5.7	0	0	0	0	0	0	1	0	0	0	0	0
8/1/1974	5.3	0	0	0	0	0	0	0	1	0	0	0	0
9/1/1974	5.7	0	0	0	0	0	0	0	0	1	0	0	0
10/1/1974	5.5	0	0	0	0	0	0	0	0	0	1	0	0
11/1/1974	6.2	0	0	0	0	0	0	0	0	0	0	1	0
12/1/1974	6.7	0	0	0	0	0	0	0	0	0	0	0	1
1/1/1975	9	1	0	0	0	0	0	0	0	0	0	0	0
2/1/1975	9.1	0	1	0	0	0	0	0	0	0	0	0	0
3/1/1975	9.1	0	0	1	0	0	0	0	0	0	0	0	0
4/1/1975	8.6	0	0	0	1	0	0	0	0	0	0	0	0
5/1/1975	8.3	0	0	0	0	1	0	0	0	0	0	0	0
6/1/1975	9.1	0	0	0	0	0	1	0	0	0	0	0	0
7/1/1975	8.7	0	0	0	0	0	0	1	0	0	0	0	0
8/1/1975	8.2	0	0	0	0	0	0	0	1	0	0	0	0
9/1/1975	8.1	0	0	0	0	0	0	0	0	1	0	0	0
10/1/1975	7.8	0	0	0	0	0	0	0	0	0	1	0	0
11/1/1975	7.8	0	0	0	0	0	0	0	0	0	0	1	0
12/1/1975	7.8	0	0	0	0	0	0	0	0	0	0	0	1
1/1/1976	8.8	1	0	0	0	0	0	0	0	0	0	0	0
2/1/1976	8.7	0	1	0	0	0	0	0	0	0	0	0	0
3/1/1976	8.1	0	0	1	0	0	0	0	0	0	0	0	0
4/1/1976	7.4	0	0	0	1	0	0	0	0	0	0	0	0
5/1/1976	6.8	0	0	0	0	1	0	0	0	0	0	0	0
6/1/1976	8	0	0	0	0	0	1	0	0	0	0	0	0
7/1/1976	7.8	0	0	0	0	0	0	1	0	0	0	0	0
8/1/1976	7.6	0	0	0	0	0	0	0	1	0	0	0	0
9/1/1976	7.4	0	0	0	0	0	0	0	0	1	0	0	0
10/1/1976	7.2	0	0	0	0	0	0	0	0	0	1	0	0
11/1/1976	7.4	0	0	0	0	0	0	0	0	0	0	1	0
12/1/1976	7.4	0	0	0	0	0	0	0	0	0	0	0	1
1/1/1977	8.3	1	0	0	0	0	0	0	0	0	0	0	0
2/1/1977	8.5	0	1	0	0	0	0	0	0	0	0	0	0
3/1/1977	7.9	0	0	1	0	0	0	0	0	0	0	0	0
4/1/1977	6.9	0	0	0	1	0	0	0	0	0	0	0	0
5/1/1977	6.4	0	0	0	0	1	0	0	0	0	0	0	0
6/1/1977	7.5	0	0	0	0	0	1	0	0	0	0	0	0
7/1/1977	7	0	0	0	0	0	0	1	0	0	0	0	0
8/1/1977	6.8	0	0	0	0	0	0	0	1	0	0	0	0
9/1/1977	6.6	0	0	0	0	0	0	0	0	1	0	0	0
10/1/1977	6.4	0	0	0	0	0	0	0	0	0	1	0	0
11/1/1977	6.5	0	0	0	0	0	0	0	0	0	0	1	0
12/1/1977	6	0	0	0	0	0	0	0	0	0	0	0	1
1/1/1978	7.1	1	0	0	0	0	0	0	0	0	0	0	0
2/1/1978	6.9	0	1	0	0	0	0	0	0	0	0	0	0
3/1/1978	6.6	0	0	1	0	0	0	0	0	0	0	0	0
4/1/1978	5.8	0	0	0	1	0	0	0	0	0	0	0	0
5/1/1978	5.5	0	0	0	0	1	0	0	0	0	0	0	0
6/1/1978	6.2	0	0	0	0	0	1	0	0	0	0	0	0
7/1/1978	6.3	0	0	0	0	0	0	1	0	0	0	0	0
8/1/1978	5.9	0	0	0	0	0	0	0	1	0	0	0	0
9/1/1978	5.8	0	0	0	0	0	0	0	0	1	0	0	0
10/1/1978	5.4	0	0	0	0	0	0	0	0	0	1	0	0
11/1/1978	5.6	0	0	0	0	0	0	0	0	0	0	1	0
12/1/1978	5.7	0	0	0	0	0	0	0	0	0	0	0	1
1/1/1979	6.4	1	0	0	0	0	0	0	0	0	0	0	0
2/1/1979	6.4	0	1	0	0	0	0	0	0	0	0	0	0
3/1/1979	6.1	0	0	1	0	0	0	0	0	0	0	0	0
4/1/1979	5.5	0	0	0	1	0	0	0	0	0	0	0	0
5/1/1979	5.2	0	0	0	0	1	0	0	0	0	0	0	0
6/1/1979	6	0	0	0	0	0	1	0	0	0	0	0	0
7/1/1979	5.9	0	0	0	0	0	0	1	0	0	0	0	0
8/1/1979	5.9	0	0	0	0	0	0	0	1	0	0	0	0
9/1/1979	5.7	0	0	0	0	0	0	0	0	1	0	0	0
10/1/1979	5.6	0	0	0	0	0	0	0	0	0	1	0	0
11/1/1979	5.6	0	0	0	0	0	0	0	0	0	0	1	0
12/1/1979	5.7	0	0	0	0	0	0	0	0	0	0	0	1
1/1/1980	6.9	1	0	0	0	0	0	0	0	0	0	0	0
2/1/1980	6.8	0	1	0	0	0	0	0	0	0	0	0	0
3/1/1980	6.6	0	0	1	0	0	0	0	0	0	0	0	0
4/1/1980	6.7	0	0	0	1	0	0	0	0	0	0	0	0
5/1/1980	7.1	0	0	0	0	1	0	0	0	0	0	0	0
6/1/1980	7.8	0	0	0	0	0	1	0	0	0	0	0	0
7/1/1980	7.9	0	0	0	0	0	0	1	0	0	0	0	0
8/1/1980	7.6	0	0	0	0	0	0	0	1	0	0	0	0
9/1/1980	7.2	0	0	0	0	0	0	0	0	1	0	0	0
10/1/1980	7.1	0	0	0	0	0	0	0	0	0	1	0	0
11/1/1980	7.1	0	0	0	0	0	0	0	0	0	0	1	0
12/1/1980	6.9	0	0	0	0	0	0	0	0	0	0	0	1
1/1/1981	8.2	1	0	0	0	0	0	0	0	0	0	0	0
2/1/1981	8	0	1	0	0	0	0	0	0	0	0	0	0
3/1/1981	7.7	0	0	1	0	0	0	0	0	0	0	0	0
4/1/1981	7	0	0	0	1	0	0	0	0	0	0	0	0
5/1/1981	7.1	0	0	0	0	1	0	0	0	0	0	0	0
6/1/1981	7.7	0	0	0	0	0	1	0	0	0	0	0	0
7/1/1981	7.3	0	0	0	0	0	0	1	0	0	0	0	0
8/1/1981	7.2	0	0	0	0	0	0	0	1	0	0	0	0
9/1/1981	7.3	0	0	0	0	0	0	0	0	1	0	0	0
10/1/1981	7.5	0	0	0	0	0	0	0	0	0	1	0	0
11/1/1981	7.9	0	0	0	0	0	0	0	0	0	0	1	0
12/1/1981	8.3	0	0	0	0	0	0	0	0	0	0	0	1
1/1/1982	9.4	1	0	0	0	0	0	0	0	0	0	0	0
2/1/1982	9.6	0	1	0	0	0	0	0	0	0	0	0	0
3/1/1982	9.5	0	0	1	0	0	0	0	0	0	0	0	0
4/1/1982	9.2	0	0	0	1	0	0	0	0	0	0	0	0
5/1/1982	9.1	0	0	0	0	1	0	0	0	0	0	0	0
6/1/1982	9.8	0	0	0	0	0	1	0	0	0	0	0	0
7/1/1982	9.8	0	0	0	0	0	0	1	0	0	0	0	0
8/1/1982	9.6	0	0	0	0	0	0	0	1	0	0	0	0
9/1/1982	9.7	0	0	0	0	0	0	0	0	1	0	0	0
10/1/1982	9.9	0	0	0	0	0	0	0	0	0	1	0	0
11/1/1982	10.4	0	0	0	0	0	0	0	0	0	0	1	0
12/1/1982	10.5	0	0	0	0	0	0	0	0	0	0	0	1
1/1/1983	11.4	1	0	0	0	0	0	0	0	0	0	0	0
2/1/1983	11.3	0	1	0	0	0	0	0	0	0	0	0	0
3/1/1983	10.8	0	0	1	0	0	0	0	0	0	0	0	0
4/1/1983	10	0	0	0	1	0	0	0	0	0	0	0	0
5/1/1983	9.8	0	0	0	0	1	0	0	0	0	0	0	0
6/1/1983	10.2	0	0	0	0	0	1	0	0	0	0	0	0
7/1/1983	9.4	0	0	0	0	0	0	1	0	0	0	0	0
8/1/1983	9.2	0	0	0	0	0	0	0	1	0	0	0	0
9/1/1983	8.8	0	0	0	0	0	0	0	0	1	0	0	0
10/1/1983	8.4	0	0	0	0	0	0	0	0	0	1	0	0
11/1/1983	8.1	0	0	0	0	0	0	0	0	0	0	1	0
12/1/1983	8	0	0	0	0	0	0	0	0	0	0	0	1
1/1/1984	8.8	1	0	0	0	0	0	0	0	0	0	0	0
2/1/1984	8.4	0	1	0	0	0	0	0	0	0	0	0	0
3/1/1984	8.1	0	0	1	0	0	0	0	0	0	0	0	0
4/1/1984	7.6	0	0	0	1	0	0	0	0	0	0	0	0
5/1/1984	7.2	0	0	0	0	1	0	0	0	0	0	0	0
6/1/1984	7.4	0	0	0	0	0	1	0	0	0	0	0	0
7/1/1984	7.5	0	0	0	0	0	0	1	0	0	0	0	0
8/1/1984	7.3	0	0	0	0	0	0	0	1	0	0	0	0
9/1/1984	7.1	0	0	0	0	0	0	0	0	1	0	0	0
10/1/1984	7	0	0	0	0	0	0	0	0	0	1	0	0
11/1/1984	6.9	0	0	0	0	0	0	0	0	0	0	1	0
12/1/1984	7	0	0	0	0	0	0	0	0	0	0	0	1
1/1/1985	8	1	0	0	0	0	0	0	0	0	0	0	0
2/1/1985	7.8	0	1	0	0	0	0	0	0	0	0	0	0
3/1/1985	7.5	0	0	1	0	0	0	0	0	0	0	0	0
4/1/1985	7.1	0	0	0	1	0	0	0	0	0	0	0	0
5/1/1985	7	0	0	0	0	1	0	0	0	0	0	0	0
6/1/1985	7.5	0	0	0	0	0	1	0	0	0	0	0	0
7/1/1985	7.4	0	0	0	0	0	0	1	0	0	0	0	0
8/1/1985	6.9	0	0	0	0	0	0	0	1	0	0	0	0
9/1/1985	6.9	0	0	0	0	0	0	0	0	1	0	0	0
10/1/1985	6.8	0	0	0	0	0	0	0	0	0	1	0	0
11/1/1985	6.7	0	0	0	0	0	0	0	0	0	0	1	0
12/1/1985	6.7	0	0	0	0	0	0	0	0	0	0	0	1
1/1/1986	7.3	1	0	0	0	0	0	0	0	0	0	0	0
2/1/1986	7.8	0	1	0	0	0	0	0	0	0	0	0	0
3/1/1986	7.5	0	0	1	0	0	0	0	0	0	0	0	0
4/1/1986	7	0	0	0	1	0	0	0	0	0	0	0	0
5/1/1986	7	0	0	0	0	1	0	0	0	0	0	0	0
6/1/1986	7.3	0	0	0	0	0	1	0	0	0	0	0	0
7/1/1986	7	0	0	0	0	0	0	1	0	0	0	0	0
8/1/1986	6.7	0	0	0	0	0	0	0	1	0	0	0	0
9/1/1986	6.8	0	0	0	0	0	0	0	0	1	0	0	0
10/1/1986	6.6	0	0	0	0	0	0	0	0	0	1	0	0
11/1/1986	6.6	0	0	0	0	0	0	0	0	0	0	1	0
12/1/1986	6.3	0	0	0	0	0	0	0	0	0	0	0	1
1/1/1987	7.3	1	0	0	0	0	0	0	0	0	0	0	0
2/1/1987	7.2	0	1	0	0	0	0	0	0	0	0	0	0
3/1/1987	6.9	0	0	1	0	0	0	0	0	0	0	0	0
4/1/1987	6.2	0	0	0	1	0	0	0	0	0	0	0	0
5/1/1987	6.1	0	0	0	0	1	0	0	0	0	0	0	0
6/1/1987	6.3	0	0	0	0	0	1	0	0	0	0	0	0
7/1/1987	6.1	0	0	0	0	0	0	1	0	0	0	0	0
8/1/1987	5.8	0	0	0	0	0	0	0	1	0	0	0	0
9/1/1987	5.7	0	0	0	0	0	0	0	0	1	0	0	0
10/1/1987	5.7	0	0	0	0	0	0	0	0	0	1	0	0
11/1/1987	5.6	0	0	0	0	0	0	0	0	0	0	1	0
12/1/1987	5.4	0	0	0	0	0	0	0	0	0	0	0	1
1/1/1988	6.3	1	0	0	0	0	0	0	0	0	0	0	0
2/1/1988	6.2	0	1	0	0	0	0	0	0	0	0	0	0
3/1/1988	5.9	0	0	1	0	0	0	0	0	0	0	0	0
4/1/1988	5.3	0	0	0	1	0	0	0	0	0	0	0	0
5/1/1988	5.4	0	0	0	0	1	0	0	0	0	0	0	0
6/1/1988	5.5	0	0	0	0	0	1	0	0	0	0	0	0
7/1/1988	5.5	0	0	0	0	0	0	1	0	0	0	0	0
8/1/1988	5.4	0	0	0	0	0	0	0	1	0	0	0	0
9/1/1988	5.2	0	0	0	0	0	0	0	0	1	0	0	0
10/1/1988	5	0	0	0	0	0	0	0	0	0	1	0	0
11/1/1988	5.2	0	0	0	0	0	0	0	0	0	0	1	0
12/1/1988	5	0	0	0	0	0	0	0	0	0	0	0	1
1/1/1989	6	1	0	0	0	0	0	0	0	0	0	0	0
2/1/1989	5.6	0	1	0	0	0	0	0	0	0	0	0	0
3/1/1989	5.2	0	0	1	0	0	0	0	0	0	0	0	0
4/1/1989	5.1	0	0	0	1	0	0	0	0	0	0	0	0
5/1/1989	5	0	0	0	0	1	0	0	0	0	0	0	0
6/1/1989	5.5	0	0	0	0	0	1	0	0	0	0	0	0
7/1/1989	5.3	0	0	0	0	0	0	1	0	0	0	0	0
8/1/1989	5.1	0	0	0	0	0	0	0	1	0	0	0	0
9/1/1989	5.1	0	0	0	0	0	0	0	0	1	0	0	0
10/1/1989	5	0	0	0	0	0	0	0	0	0	1	0	0
11/1/1989	5.2	0	0	0	0	0	0	0	0	0	0	1	0
12/1/1989	5.1	0	0	0	0	0	0	0	0	0	0	0	1
1/1/1990	6	1	0	0	0	0	0	0	0	0	0	0	0
2/1/1990	5.9	0	1	0	0	0	0	0	0	0	0	0	0
3/1/1990	5.5	0	0	1	0	0	0	0	0	0	0	0	0
4/1/1990	5.3	0	0	0	1	0	0	0	0	0	0	0	0
5/1/1990	5.2	0	0	0	0	1	0	0	0	0	0	0	0
6/1/1990	5.4	0	0	0	0	0	1	0	0	0	0	0	0
7/1/1990	5.6	0	0	0	0	0	0	1	0	0	0	0	0
8/1/1990	5.5	0	0	0	0	0	0	0	1	0	0	0	0
9/1/1990	5.6	0	0	0	0	0	0	0	0	1	0	0	0
10/1/1990	5.5	0	0	0	0	0	0	0	0	0	1	0	0
11/1/1990	5.9	0	0	0	0	0	0	0	0	0	0	1	0
12/1/1990	6	0	0	0	0	0	0	0	0	0	0	0	1
1/1/1991	7.1	1	0	0	0	0	0	0	0	0	0	0	0
2/1/1991	7.3	0	1	0	0	0	0	0	0	0	0	0	0
3/1/1991	7.2	0	0	1	0	0	0	0	0	0	0	0	0
4/1/1991	6.5	0	0	0	1	0	0	0	0	0	0	0	0
5/1/1991	6.7	0	0	0	0	1	0	0	0	0	0	0	0
6/1/1991	7	0	0	0	0	0	1	0	0	0	0	0	0
7/1/1991	6.8	0	0	0	0	0	0	1	0	0	0	0	0
8/1/1991	6.6	0	0	0	0	0	0	0	1	0	0	0	0
9/1/1991	6.5	0	0	0	0	0	0	0	0	1	0	0	0
10/1/1991	6.5	0	0	0	0	0	0	0	0	0	1	0	0
11/1/1991	6.7	0	0	0	0	0	0	0	0	0	0	1	0
12/1/1991	6.9	0	0	0	0	0	0	0	0	0	0	0	1
1/1/1992	8.1	1	0	0	0	0	0	0	0	0	0	0	0
2/1/1992	8.2	0	1	0	0	0	0	0	0	0	0	0	0
3/1/1992	7.8	0	0	1	0	0	0	0	0	0	0	0	0
4/1/1992	7.2	0	0	0	1	0	0	0	0	0	0	0	0
5/1/1992	7.3	0	0	0	0	1	0	0	0	0	0	0	0
6/1/1992	8	0	0	0	0	0	1	0	0	0	0	0	0
7/1/1992	7.7	0	0	0	0	0	0	1	0	0	0	0	0
8/1/1992	7.4	0	0	0	0	0	0	0	1	0	0	0	0
9/1/1992	7.3	0	0	0	0	0	0	0	0	1	0	0	0
10/1/1992	6.9	0	0	0	0	0	0	0	0	0	1	0	0
11/1/1992	7.1	0	0	0	0	0	0	0	0	0	0	1	0
12/1/1992	7.1	0	0	0	0	0	0	0	0	0	0	0	1
1/1/1993	8	1	0	0	0	0	0	0	0	0	0	0	0
2/1/1993	7.8	0	1	0	0	0	0	0	0	0	0	0	0
3/1/1993	7.4	0	0	1	0	0	0	0	0	0	0	0	0
4/1/1993	6.9	0	0	0	1	0	0	0	0	0	0	0	0
5/1/1993	6.8	0	0	0	0	1	0	0	0	0	0	0	0
6/1/1993	7.2	0	0	0	0	0	1	0	0	0	0	0	0
7/1/1993	7	0	0	0	0	0	0	1	0	0	0	0	0
8/1/1993	6.6	0	0	0	0	0	0	0	1	0	0	0	0
9/1/1993	6.4	0	0	0	0	0	0	0	0	1	0	0	0
10/1/1993	6.4	0	0	0	0	0	0	0	0	0	1	0	0
11/1/1993	6.2	0	0	0	0	0	0	0	0	0	0	1	0
12/1/1993	6.1	0	0	0	0	0	0	0	0	0	0	0	1
1/1/1994	7.3	1	0	0	0	0	0	0	0	0	0	0	0
2/1/1994	7.1	0	1	0	0	0	0	0	0	0	0	0	0
3/1/1994	6.8	0	0	1	0	0	0	0	0	0	0	0	0
4/1/1994	6.2	0	0	0	1	0	0	0	0	0	0	0	0
5/1/1994	5.9	0	0	0	0	1	0	0	0	0	0	0	0
6/1/1994	6.2	0	0	0	0	0	1	0	0	0	0	0	0
7/1/1994	6.2	0	0	0	0	0	0	1	0	0	0	0	0
8/1/1994	5.9	0	0	0	0	0	0	0	1	0	0	0	0
9/1/1994	5.6	0	0	0	0	0	0	0	0	1	0	0	0
10/1/1994	5.4	0	0	0	0	0	0	0	0	0	1	0	0
11/1/1994	5.3	0	0	0	0	0	0	0	0	0	0	1	0
12/1/1994	5.1	0	0	0	0	0	0	0	0	0	0	0	1
1/1/1995	6.2	1	0	0	0	0	0	0	0	0	0	0	0
2/1/1995	5.9	0	1	0	0	0	0	0	0	0	0	0	0
3/1/1995	5.7	0	0	1	0	0	0	0	0	0	0	0	0
4/1/1995	5.6	0	0	0	1	0	0	0	0	0	0	0	0
5/1/1995	5.5	0	0	0	0	1	0	0	0	0	0	0	0
6/1/1995	5.8	0	0	0	0	0	1	0	0	0	0	0	0
7/1/1995	5.9	0	0	0	0	0	0	1	0	0	0	0	0
8/1/1995	5.6	0	0	0	0	0	0	0	1	0	0	0	0
9/1/1995	5.4	0	0	0	0	0	0	0	0	1	0	0	0
10/1/1995	5.2	0	0	0	0	0	0	0	0	0	1	0	0
11/1/1995	5.3	0	0	0	0	0	0	0	0	0	0	1	0
12/1/1995	5.2	0	0	0	0	0	0	0	0	0	0	0	1
1/1/1996	6.3	1	0	0	0	0	0	0	0	0	0	0	0
2/1/1996	6	0	1	0	0	0	0	0	0	0	0	0	0
3/1/1996	5.8	0	0	1	0	0	0	0	0	0	0	0	0
4/1/1996	5.4	0	0	0	1	0	0	0	0	0	0	0	0
5/1/1996	5.4	0	0	0	0	1	0	0	0	0	0	0	0
6/1/1996	5.5	0	0	0	0	0	1	0	0	0	0	0	0
7/1/1996	5.6	0	0	0	0	0	0	1	0	0	0	0	0
8/1/1996	5.1	0	0	0	0	0	0	0	1	0	0	0	0
9/1/1996	5	0	0	0	0	0	0	0	0	1	0	0	0
10/1/1996	4.9	0	0	0	0	0	0	0	0	0	1	0	0
11/1/1996	5	0	0	0	0	0	0	0	0	0	0	1	0
12/1/1996	5	0	0	0	0	0	0	0	0	0	0	0	1
1/1/1997	5.9	1	0	0	0	0	0	0	0	0	0	0	0
2/1/1997	5.7	0	1	0	0	0	0	0	0	0	0	0	0
3/1/1997	5.5	0	0	1	0	0	0	0	0	0	0	0	0
4/1/1997	4.8	0	0	0	1	0	0	0	0	0	0	0	0
5/1/1997	4.7	0	0	0	0	1	0	0	0	0	0	0	0
6/1/1997	5.2	0	0	0	0	0	1	0	0	0	0	0	0
7/1/1997	5	0	0	0	0	0	0	1	0	0	0	0	0
8/1/1997	4.8	0	0	0	0	0	0	0	1	0	0	0	0
9/1/1997	4.7	0	0	0	0	0	0	0	0	1	0	0	0
10/1/1997	4.4	0	0	0	0	0	0	0	0	0	1	0	0
11/1/1997	4.3	0	0	0	0	0	0	0	0	0	0	1	0
12/1/1997	4.4	0	0	0	0	0	0	0	0	0	0	0	1
1/1/1998	5.2	1	0	0	0	0	0	0	0	0	0	0	0
2/1/1998	5	0	1	0	0	0	0	0	0	0	0	0	0
3/1/1998	5	0	0	1	0	0	0	0	0	0	0	0	0
4/1/1998	4.1	0	0	0	1	0	0	0	0	0	0	0	0
5/1/1998	4.2	0	0	0	0	1	0	0	0	0	0	0	0
6/1/1998	4.7	0	0	0	0	0	1	0	0	0	0	0	0
7/1/1998	4.7	0	0	0	0	0	0	1	0	0	0	0	0
8/1/1998	4.5	0	0	0	0	0	0	0	1	0	0	0	0
9/1/1998	4.4	0	0	0	0	0	0	0	0	1	0	0	0
10/1/1998	4.2	0	0	0	0	0	0	0	0	0	1	0	0
11/1/1998	4.1	0	0	0	0	0	0	0	0	0	0	1	0
12/1/1998	4	0	0	0	0	0	0	0	0	0	0	0	1
1/1/1999	4.8	1	0	0	0	0	0	0	0	0	0	0	0
2/1/1999	4.7	0	1	0	0	0	0	0	0	0	0	0	0
3/1/1999	4.4	0	0	1	0	0	0	0	0	0	0	0	0
4/1/1999	4.1	0	0	0	1	0	0	0	0	0	0	0	0
5/1/1999	4	0	0	0	0	1	0	0	0	0	0	0	0
6/1/1999	4.5	0	0	0	0	0	1	0	0	0	0	0	0
7/1/1999	4.5	0	0	0	0	0	0	1	0	0	0	0	0
8/1/1999	4.2	0	0	0	0	0	0	0	1	0	0	0	0
9/1/1999	4.1	0	0	0	0	0	0	0	0	1	0	0	0
10/1/1999	3.8	0	0	0	0	0	0	0	0	0	1	0	0
11/1/1999	3.8	0	0	0	0	0	0	0	0	0	0	1	0
12/1/1999	3.7	0	0	0	0	0	0	0	0	0	0	0	1
1/1/2000	4.5	1	0	0	0	0	0	0	0	0	0	0	0
2/1/2000	4.4	0	1	0	0	0	0	0	0	0	0	0	0
3/1/2000	4.3	0	0	1	0	0	0	0	0	0	0	0	0
4/1/2000	3.7	0	0	0	1	0	0	0	0	0	0	0	0
5/1/2000	3.8	0	0	0	0	1	0	0	0	0	0	0	0
6/1/2000	4.1	0	0	0	0	0	1	0	0	0	0	0	0
7/1/2000	4.2	0	0	0	0	0	0	1	0	0	0	0	0
8/1/2000	4.1	0	0	0	0	0	0	0	1	0	0	0	0
9/1/2000	3.8	0	0	0	0	0	0	0	0	1	0	0	0
10/1/2000	3.6	0	0	0	0	0	0	0	0	0	1	0	0
11/1/2000	3.7	0	0	0	0	0	0	0	0	0	0	1	0
12/1/2000	3.7	0	0	0	0	0	0	0	0	0	0	0	1
1/1/2001	4.7	1	0	0	0	0	0	0	0	0	0	0	0
2/1/2001	4.6	0	1	0	0	0	0	0	0	0	0	0	0
3/1/2001	4.5	0	0	1	0	0	0	0	0	0	0	0	0
4/1/2001	4.2	0	0	0	1	0	0	0	0	0	0	0	0
5/1/2001	4.1	0	0	0	0	1	0	0	0	0	0	0	0
6/1/2001	4.7	0	0	0	0	0	1	0	0	0	0	0	0
7/1/2001	4.7	0	0	0	0	0	0	1	0	0	0	0	0
8/1/2001	4.9	0	0	0	0	0	0	0	1	0	0	0	0
9/1/2001	4.7	0	0	0	0	0	0	0	0	1	0	0	0
10/1/2001	5	0	0	0	0	0	0	0	0	0	1	0	0
11/1/2001	5.3	0	0	0	0	0	0	0	0	0	0	1	0
12/1/2001	5.4	0	0	0	0	0	0	0	0	0	0	0	1
1/1/2002	6.3	1	0	0	0	0	0	0	0	0	0	0	0
2/1/2002	6.1	0	1	0	0	0	0	0	0	0	0	0	0
3/1/2002	6.1	0	0	1	0	0	0	0	0	0	0	0	0
4/1/2002	5.7	0	0	0	1	0	0	0	0	0	0	0	0
5/1/2002	5.5	0	0	0	0	1	0	0	0	0	0	0	0
6/1/2002	6	0	0	0	0	0	1	0	0	0	0	0	0
7/1/2002	5.9	0	0	0	0	0	0	1	0	0	0	0	0
8/1/2002	5.7	0	0	0	0	0	0	0	1	0	0	0	0
9/1/2002	5.4	0	0	0	0	0	0	0	0	1	0	0	0
10/1/2002	5.3	0	0	0	0	0	0	0	0	0	1	0	0
11/1/2002	5.6	0	0	0	0	0	0	0	0	0	0	1	0
12/1/2002	5.7	0	0	0	0	0	0	0	0	0	0	0	1
1/1/2003	6.5	1	0	0	0	0	0	0	0	0	0	0	0
2/1/2003	6.4	0	1	0	0	0	0	0	0	0	0	0	0
3/1/2003	6.2	0	0	1	0	0	0	0	0	0	0	0	0
4/1/2003	5.8	0	0	0	1	0	0	0	0	0	0	0	0
5/1/2003	5.8	0	0	0	0	1	0	0	0	0	0	0	0
6/1/2003	6.5	0	0	0	0	0	1	0	0	0	0	0	0
7/1/2003	6.3	0	0	0	0	0	0	1	0	0	0	0	0
8/1/2003	6	0	0	0	0	0	0	0	1	0	0	0	0
9/1/2003	5.8	0	0	0	0	0	0	0	0	1	0	0	0
10/1/2003	5.6	0	0	0	0	0	0	0	0	0	1	0	0
11/1/2003	5.6	0	0	0	0	0	0	0	0	0	0	1	0
12/1/2003	5.4	0	0	0	0	0	0	0	0	0	0	0	1
1/1/2004	6.3	1	0	0	0	0	0	0	0	0	0	0	0
2/1/2004	6	0	1	0	0	0	0	0	0	0	0	0	0
3/1/2004	6	0	0	1	0	0	0	0	0	0	0	0	0
4/1/2004	5.4	0	0	0	1	0	0	0	0	0	0	0	0
5/1/2004	5.3	0	0	0	0	1	0	0	0	0	0	0	0
6/1/2004	5.8	0	0	0	0	0	1	0	0	0	0	0	0
7/1/2004	5.7	0	0	0	0	0	0	1	0	0	0	0	0
8/1/2004	5.4	0	0	0	0	0	0	0	1	0	0	0	0
9/1/2004	5.1	0	0	0	0	0	0	0	0	1	0	0	0
10/1/2004	5.1	0	0	0	0	0	0	0	0	0	1	0	0
11/1/2004	5.2	0	0	0	0	0	0	0	0	0	0	1	0
12/1/2004	5.1	0	0	0	0	0	0	0	0	0	0	0	1
1/1/2005	5.7	1	0	0	0	0	0	0	0	0	0	0	0
2/1/2005	5.8	0	1	0	0	0	0	0	0	0	0	0	0
3/1/2005	5.4	0	0	1	0	0	0	0	0	0	0	0	0
4/1/2005	4.9	0	0	0	1	0	0	0	0	0	0	0	0
5/1/2005	4.9	0	0	0	0	1	0	0	0	0	0	0	0
6/1/2005	5.2	0	0	0	0	0	1	0	0	0	0	0	0
7/1/2005	5.2	0	0	0	0	0	0	1	0	0	0	0	0
8/1/2005	4.9	0	0	0	0	0	0	0	1	0	0	0	0
9/1/2005	4.8	0	0	0	0	0	0	0	0	1	0	0	0
10/1/2005	4.6	0	0	0	0	0	0	0	0	0	1	0	0
11/1/2005	4.8	0	0	0	0	0	0	0	0	0	0	1	0
12/1/2005	4.6	0	0	0	0	0	0	0	0	0	0	0	1
1/1/2006	5.1	1	0	0	0	0	0	0	0	0	0	0	0
2/1/2006	5.1	0	1	0	0	0	0	0	0	0	0	0	0
3/1/2006	4.8	0	0	1	0	0	0	0	0	0	0	0	0
4/1/2006	4.5	0	0	0	1	0	0	0	0	0	0	0	0
5/1/2006	4.4	0	0	0	0	1	0	0	0	0	0	0	0
6/1/2006	4.8	0	0	0	0	0	1	0	0	0	0	0	0
7/1/2006	5	0	0	0	0	0	0	1	0	0	0	0	0
8/1/2006	4.6	0	0	0	0	0	0	0	1	0	0	0	0
9/1/2006	4.4	0	0	0	0	0	0	0	0	1	0	0	0
10/1/2006	4.1	0	0	0	0	0	0	0	0	0	1	0	0
11/1/2006	4.3	0	0	0	0	0	0	0	0	0	0	1	0
12/1/2006	4.3	0	0	0	0	0	0	0	0	0	0	0	1
1/1/2007	5	1	0	0	0	0	0	0	0	0	0	0	0
2/1/2007	4.9	0	1	0	0	0	0	0	0	0	0	0	0
3/1/2007	4.5	0	0	1	0	0	0	0	0	0	0	0	0
4/1/2007	4.3	0	0	0	1	0	0	0	0	0	0	0	0
5/1/2007	4.3	0	0	0	0	1	0	0	0	0	0	0	0
6/1/2007	4.7	0	0	0	0	0	1	0	0	0	0	0	0
7/1/2007	4.9	0	0	0	0	0	0	1	0	0	0	0	0
8/1/2007	4.6	0	0	0	0	0	0	0	1	0	0	0	0
9/1/2007	4.5	0	0	0	0	0	0	0	0	1	0	0	0
10/1/2007	4.4	0	0	0	0	0	0	0	0	0	1	0	0
11/1/2007	4.5	0	0	0	0	0	0	0	0	0	0	1	0
12/1/2007	4.8	0	0	0	0	0	0	0	0	0	0	0	1
1/1/2008	5.4	1	0	0	0	0	0	0	0	0	0	0	0
2/1/2008	5.2	0	1	0	0	0	0	0	0	0	0	0	0
3/1/2008	5.2	0	0	1	0	0	0	0	0	0	0	0	0
4/1/2008	4.8	0	0	0	1	0	0	0	0	0	0	0	0
5/1/2008	5.2	0	0	0	0	1	0	0	0	0	0	0	0
6/1/2008	5.7	0	0	0	0	0	1	0	0	0	0	0	0
7/1/2008	6	0	0	0	0	0	0	1	0	0	0	0	0
8/1/2008	6.1	0	0	0	0	0	0	0	1	0	0	0	0
9/1/2008	6	0	0	0	0	0	0	0	0	1	0	0	0
10/1/2008	6.1	0	0	0	0	0	0	0	0	0	1	0	0
11/1/2008	6.5	0	0	0	0	0	0	0	0	0	0	1	0
12/1/2008	7.1	0	0	0	0	0	0	0	0	0	0	0	1
1/1/2009	8.5	1	0	0	0	0	0	0	0	0	0	0	0
2/1/2009	8.9	0	1	0	0	0	0	0	0	0	0	0	0
3/1/2009	9	0	0	1	0	0	0	0	0	0	0	0	0
4/1/2009	8.6	0	0	0	1	0	0	0	0	0	0	0	0
5/1/2009	9.1	0	0	0	0	1	0	0	0	0	0	0	0
6/1/2009	9.7	0	0	0	0	0	1	0	0	0	0	0	0
7/1/2009	9.7	0	0	0	0	0	0	1	0	0	0	0	0
8/1/2009	9.6	0	0	0	0	0	0	0	1	0	0	0	0
9/1/2009	9.5	0	0	0	0	0	0	0	0	1	0	0	0
10/1/2009	9.5	0	0	0	0	0	0	0	0	0	1	0	0
11/1/2009	9.4	0	0	0	0	0	0	0	0	0	0	1	0
12/1/2009	9.7	0	0	0	0	0	0	0	0	0	0	0	1
1/1/2010	10.6	1	0	0	0	0	0	0	0	0	0	0	0
2/1/2010	10.4	0	1	0	0	0	0	0	0	0	0	0	0
3/1/2010	10.2	0	0	1	0	0	0	0	0	0	0	0	0
4/1/2010	9.5	0	0	0	1	0	0	0	0	0	0	0	0
5/1/2010	9.3	0	0	0	0	1	0	0	0	0	0	0	0
6/1/2010	9.6	0	0	0	0	0	1	0	0	0	0	0	0
7/1/2010	9.7	0	0	0	0	0	0	1	0	0	0	0	0
8/1/2010	9.5	0	0	0	0	0	0	0	1	0	0	0	0
9/1/2010	9.2	0	0	0	0	0	0	0	0	1	0	0	0
10/1/2010	9	0	0	0	0	0	0	0	0	0	1	0	0
11/1/2010	9.3	0	0	0	0	0	0	0	0	0	0	1	0
12/1/2010	9.1	0	0	0	0	0	0	0	0	0	0	0	1
1/1/2011	9.8	1	0	0	0	0	0	0	0	0	0	0	0
2/1/2011	9.5	0	1	0	0	0	0	0	0	0	0	0	0
3/1/2011	9.2	0	0	1	0	0	0	0	0	0	0	0	0
4/1/2011	8.7	0	0	0	1	0	0	0	0	0	0	0	0
5/1/2011	8.7	0	0	0	0	1	0	0	0	0	0	0	0
6/1/2011	9.3	0	0	0	0	0	1	0	0	0	0	0	0
7/1/2011	9.3	0	0	0	0	0	0	1	0	0	0	0	0
8/1/2011	9.1	0	0	0	0	0	0	0	1	0	0	0	0
9/1/2011	8.8	0	0	0	0	0	0	0	0	1	0	0	0
10/1/2011	8.5	0	0	0	0	0	0	0	0	0	1	0	0
11/1/2011	8.2	0	0	0	0	0	0	0	0	0	0	1	0
12/1/2011	8.3	0	0	0	0	0	0	0	0	0	0	0	1
1/1/2012	8.8	1	0	0	0	0	0	0	0	0	0	0	0
2/1/2012	8.7	0	1	0	0	0	0	0	0	0	0	0	0
3/1/2012	8.4	0	0	1	0	0	0	0	0	0	0	0	0
4/1/2012	7.7	0	0	0	1	0	0	0	0	0	0	0	0
5/1/2012	7.9	0	0	0	0	1	0	0	0	0	0	0	0
6/1/2012	8.4	0	0	0	0	0	1	0	0	0	0	0	0
7/1/2012	8.6	0	0	0	0	0	0	1	0	0	0	0	0
8/1/2012	8.2	0	0	0	0	0	0	0	1	0	0	0	0
9/1/2012	7.6	0	0	0	0	0	0	0	0	1	0	0	0
10/1/2012	7.5	0	0	0	0	0	0	0	0	0	1	0	0
11/1/2012	7.4	0	0	0	0	0	0	0	0	0	0	1	0
12/1/2012	7.6	0	0	0	0	0	0	0	0	0	0	0	1
1/1/2013	8.5	1	0	0	0	0	0	0	0	0	0	0	0
2/1/2013	8.1	0	1	0	0	0	0	0	0	0	0	0	0
3/1/2013	7.6	0	0	1	0	0	0	0	0	0	0	0	0
4/1/2013	7.1	0	0	0	1	0	0	0	0	0	0	0	0
5/1/2013	7.3	0	0	0	0	1	0	0	0	0	0	0	0
6/1/2013	7.8	0	0	0	0	0	1	0	0	0	0	0	0
7/1/2013	7.7	0	0	0	0	0	0	1	0	0	0	0	0
8/1/2013	7.3	0	0	0	0	0	0	0	1	0	0	0	0
9/1/2013	7	0	0	0	0	0	0	0	0	1	0	0	0
10/1/2013	7	0	0	0	0	0	0	0	0	0	1	0	0
11/1/2013	6.6	0	0	0	0	0	0	0	0	0	0	1	0
12/1/2013	6.5	0	0	0	0	0	0	0	0	0	0	0	1
1/1/2014	7	1	0	0	0	0	0	0	0	0	0	0	0
2/1/2014	7	0	1	0	0	0	0	0	0	0	0	0	0
3/1/2014	6.8	0	0	1	0	0	0	0	0	0	0	0	0
4/1/2014	5.9	0	0	0	1	0	0	0	0	0	0	0	0
5/1/2014	6.1	0	0	0	0	1	0	0	0	0	0	0	0
6/1/2014	6.3	0	0	0	0	0	1	0	0	0	0	0	0
7/1/2014	6.5	0	0	0	0	0	0	1	0	0	0	0	0
8/1/2014	6.3	0	0	0	0	0	0	0	1	0	0	0	0
9/1/2014	5.7	0	0	0	0	0	0	0	0	1	0	0	0
10/1/2014	5.5	0	0	0	0	0	0	0	0	0	1	0	0
11/1/2014	5.5	0	0	0	0	0	0	0	0	0	0	1	0
12/1/2014	5.4	0	0	0	0	0	0	0	0	0	0	0	1
1/1/2015	6.1	1	0	0	0	0	0	0	0	0	0	0	0
2/1/2015	5.8	0	1	0	0	0	0	0	0	0	0	0	0
3/1/2015	5.6	0	0	1	0	0	0	0	0	0	0	0	0
4/1/2015	5.1	0	0	0	1	0	0	0	0	0	0	0	0
5/1/2015	5.3	0	0	0	0	1	0	0	0	0	0	0	0
6/1/2015	5.5	0	0	0	0	0	1	0	0	0	0	0	0
7/1/2015	5.6	0	0	0	0	0	0	1	0	0	0	0	0
8/1/2015	5.2	0	0	0	0	0	0	0	1	0	0	0	0
9/1/2015	4.9	0	0	0	0	0	0	0	0	1	0	0	0
10/1/2015		0	0	0	0	0	0	0	0	0	1	0	0
11/1/2015		0	0	0	0	0	0	0	0	0	0	1	0
12/1/2015		0	0	0	0	0	0	0	0	0	0	0	1
1/1/2016		1	0	0	0	0	0	0	0	0	0	0	0
2/1/2016		0	1	0	0	0	0	0	0	0	0	0	0
3/1/2016		0	0	1	0	0	0	0	0	0	0	0	0
4/1/2016		0	0	0	1	0	0	0	0	0	0	0	0
5/1/2016		0	0	0	0	1	0	0	0	0	0	0	0
6/1/2016		0	0	0	0	0	1	0	0	0	0	0	0
7/1/2016		0	0	0	0	0	0	1	0	0	0	0	0
8/1/2016		0	0	0	0	0	0	0	1	0	0	0	0
9/1/2016		0	0	0	0	0	0	0	0	1	0	0	0
10/1/2016		0	0	0	0	0	0	0	0	0	1	0	0
11/1/2016		0	0	0	0	0	0	0	0	0	0	1	0
12/1/2016		0	0	0	0	0	0	0	0	0	0	0	1
1/1/2017		1	0	0	0	0	0	0	0	0	0	0	0
2/1/2017		0	1	0	0	0	0	0	0	0	0	0	0
3/1/2017		0	0	1	0	0	0	0	0	0	0	0	0
4/1/2017		0	0	0	1	0	0	0	0	0	0	0	0
5/1/2017		0	0	0	0	1	0	0	0	0	0	0	0
6/1/2017		0	0	0	0	0	1	0	0	0	0	0	0
7/1/2017		0	0	0	0	0	0	1	0	0	0	0	0
8/1/2017		0	0	0	0	0	0	0	1	0	0	0	0
9/1/2017		0	0	0	0	0	0	0	0	1	0	0	0
